"Time (s)"	"Linear Acceleration x (m/s^2)"	"Linear Acceleration y (m/s^2)"	"Linear Acceleration z (m/s^2)"	"Absolute acceleration (m/s^2)"
2.606496300E-2	3.414913267E-2	-1.487155259E-2	7.390785217E-2	8.276289598E-2
3.606496300E-2	-1.045355201E0	1.372122169E-1	1.254968643E-1	1.061764640E0
4.606496300E-2	-1.044403195E0	1.370151937E-1	1.253986359E-1	1.060790279E0
5.606496300E-2	-1.043329597E0	1.368207335E-1	1.252861023E-1	1.059694846E0
6.606496300E-2	-1.042220116E0	1.366365999E-1	1.251697540E-1	1.058564971E0
7.606496300E-2	-1.041207671E0	1.365050822E-1	1.250648499E-1	1.057538779E0
8.606496300E-2	-1.040090203E0	1.363783479E-1	1.249494553E-1	1.056408563E0
9.606496300E-2	-1.038982511E0	1.362391710E-1	1.248340607E-1	1.055286365E0
1.060649630E-1	-1.037916899E0	1.360560954E-1	1.247234344E-1	1.054200496E0
1.160649630E-1	-1.036807775E0	1.359055489E-1	1.246089935E-1	1.053075535E0
1.260649630E-1	-1.035743475E0	1.357269734E-1	1.244993210E-1	1.051991653E0
1.360652630E-1	-1.034626365E0	1.356036812E-1	1.243839264E-1	1.050862234E0
1.460652630E-1	-1.033639312E0	1.354584992E-1	1.242818832E-1	1.049859618E0
1.560652630E-1	-1.032469034E0	1.352693290E-1	1.241617203E-1	1.048668790E0
1.660652630E-1	-1.031413913E0	1.352093816E-1	1.240520477E-1	1.047609253E0
1.760652630E-1	-1.030470490E0	1.350174099E-1	1.239557266E-1	1.046644235E0
1.860652630E-1	-1.029493093E0	1.348221749E-1	1.238546371E-1	1.045644786E0
1.960652630E-1	-1.028498530E0	1.346938014E-1	1.237535477E-1	1.044637060E0
2.060652630E-1	-1.027450681E0	1.345051378E-1	1.236457825E-1	1.043568308E0
2.160652630E-1	-1.026405334E0	1.342530698E-1	1.235389709E-1	1.042493969E0
2.260652630E-1	-1.025359035E0	1.340729594E-1	1.234321594E-1	1.041427965E0
2.360652630E-1	-9.203196168E-1	1.190634668E-1	1.132764816E-1	9.348774612E-1
2.460655480E-1	-8.256869316E-1	1.055445671E-1	1.051206589E-1	8.390166373E-1
2.560655480E-1	-7.404794693E-1	9.342762828E-2	9.858417511E-2	7.528329202E-1
2.660655480E-1	-6.636484861E-1	8.248271048E-2	9.334278107E-2	6.752374290E-1
2.760655480E-1	-5.944911838E-1	7.268966734E-2	8.915138245E-2	6.055175673E-1
2.860655480E-1	-5.323026776E-1	6.370830536E-2	8.581161499E-2	5.429258900E-1
2.960655480E-1	-4.762513638E-1	5.575542897E-2	8.314704895E-2	4.866594919E-1
3.060655480E-1	-4.257608354E-1	4.863237590E-2	8.102607727E-2	4.361222560E-1
3.160655480E-1	-3.803841770E-1	4.219067097E-2	7.934761047E-2	3.908557510E-1
3.260655480E-1	-3.395937085E-1	3.643347323E-2	7.802104950E-2	3.503406471E-1
3.360655480E-1	-3.028260767E-1	3.124265373E-2	7.697486877E-2	3.140141185E-1
3.460655480E-1	-2.697171867E-1	2.654856443E-2	7.615280151E-2	2.815163161E-1
3.560671480E-1	-2.398769855E-1	2.231541276E-2	7.550907135E-2	2.524689401E-1
3.660671480E-1	-2.130715251E-1	1.855896413E-2	7.501029968E-2	2.266505129E-1
3.760671480E-1	-1.889789999E-1	1.512026787E-2	7.462692261E-2	2.037421470E-1
3.860673480E-1	-1.672494113E-1	1.195691526E-2	7.433319092E-2	1.834141671E-1
3.960673480E-1	-1.477105916E-1	9.291321039E-3	7.410812378E-2	1.655196711E-1
4.060673480E-1	-1.923521608E-1	1.880183816E-2	9.309387207E-2	2.145211689E-1
4.160673480E-1	-1.712133884E-1	3.110021353E-2	5.705070496E-2	1.831284538E-1
4.260673480E-1	-1.440653801E-1	2.177812159E-2	6.892967224E-2	1.611844286E-1
4.360672480E-1	-1.255690306E-1	1.741671562E-2	4.013729095E-2	1.329734017E-1
4.460672480E-1	-1.012412012E-1	1.329322159E-2	5.685520172E-2	1.168717439E-1
4.560672480E-1	-6.401866674E-2	2.294301987E-3	6.640815735E-2	9.226969641E-2
4.660674480E-1	-7.625544071E-2	2.749219537E-2	6.639575958E-2	1.047812480E-1
4.760674480E-1	-7.762415707E-2	7.124632597E-3	7.836723328E-2	1.105336754E-1
4.860674480E-1	-1.084384546E-1	1.080100238E-2	4.964351654E-2	1.197499011E-1
4.960674480E-1	-6.979724020E-2	3.370758891E-2	5.444335938E-2	9.472030231E-2
5.060674480E-1	-8.715320379E-2	2.284561098E-2	5.925273895E-2	1.078354763E-1
5.160674480E-1	-8.796421438E-2	2.430304885E-3	5.927848816E-2	1.061015954E-1
5.260674480E-1	-6.247564405E-2	2.295960486E-2	6.648445129E-2	9.407726515E-2
5.360674480E-1	-4.470194131E-2	1.224726439E-2	8.088016510E-2	9.321941937E-2
5.460672480E-1	-2.528836764E-2	-1.277157664E-2	7.372951508E-2	7.898516381E-2
5.560672480E-1	-1.392943412E-2	-6.141155958E-3	7.375144958E-2	7.530617005E-2
5.660672480E-1	-1.058031991E-2	-6.387248635E-3	8.094787598E-2	8.188588853E-2
5.760672480E-1	-3.422795981E-2	5.511447787E-3	5.462265015E-2	6.469592876E-2
5.860672480E-1	-3.165307641E-2	2.833843231E-3	4.506015778E-2	5.513951154E-2
5.960672480E-1	-3.165613860E-2	-1.641073823E-2	5.704212189E-2	6.726980831E-2
6.060672480E-1	-3.414946795E-2	-1.382750273E-2	6.662559509E-2	7.613380270E-2
6.160672480E-1	-3.181490675E-2	9.204298258E-4	4.747486115E-2	5.715678370E-2
6.260672480E-1	-3.424022719E-2	3.557071090E-3	6.184768677E-2	7.078264103E-2
6.360674480E-1	-2.234667167E-2	3.710821271E-3	6.185531616E-2	6.587278700E-2
6.460674480E-1	-1.079031080E-2	6.222084165E-3	5.947017670E-2	6.076057155E-2
6.560658480E-1	5.174335092E-3	-1.537667215E-2	7.623863220E-2	7.794578135E-2
6.660658480E-1	3.877520561E-3	-1.752461493E-2	5.948066711E-2	6.212967934E-2
6.760658480E-1	6.921369582E-3	-2.764269710E-3	6.187152863E-2	6.231879811E-2
6.860656480E-1	-6.973974407E-3	-2.437829971E-3	6.905174255E-2	6.944582409E-2
6.960656480E-1	-1.589016244E-2	4.217475653E-4	7.622814178E-2	7.786786714E-2
7.060656480E-1	-5.862131715E-3	1.262190938E-2	5.707359314E-2	5.874582724E-2
7.160656480E-1	-2.926496416E-2	5.449280143E-3	6.665420532E-2	7.299942376E-2
7.260656480E-1	-2.174049616E-3	5.413487554E-3	5.947685242E-2	5.976226496E-2
7.360656480E-1	3.363348544E-3	-2.005457878E-3	5.230236053E-2	5.244874538E-2
7.460656480E-1	-5.682125688E-3	-9.204685688E-3	7.385349274E-2	7.464148431E-2
7.560656480E-1	-2.239232510E-2	-2.081990242E-3	6.188392639E-2	6.584353615E-2
7.660654480E-1	9.229455143E-3	1.246850193E-2	5.948925018E-2	6.147859196E-2
7.760654480E-1	2.109684050E-3	-2.593497932E-2	5.230808258E-2	5.842267901E-2
7.860654480E-1	-4.725873470E-3	-6.430104375E-3	6.188106537E-2	6.239348022E-2
7.960656480E-1	2.450499684E-3	-8.867472410E-3	6.667041779E-2	6.730216656E-2
8.060656480E-1	1.696510985E-2	-1.076860726E-2	5.229759216E-2	5.602513722E-2
8.160656480E-1	-7.089029998E-3	6.529018283E-3	7.383537292E-2	7.446169969E-2
8.260656480E-1	-2.385077626E-2	1.830041409E-3	6.425666809E-2	6.856477210E-2
8.360656480E-1	-2.145823091E-2	4.182532430E-3	8.101654053E-2	8.391441527E-2
8.460656480E-1	-2.819653600E-2	1.147946715E-2	5.947017670E-2	6.680961551E-2
8.560656480E-1	1.341216639E-2	-2.805396914E-3	7.144451141E-2	7.274664714E-2
8.660656480E-1	1.094860584E-2	1.994758844E-3	6.186676025E-2	6.285974115E-2
8.760656480E-1	1.825176179E-2	-1.474575698E-2	6.665611267E-2	7.066541951E-2
8.860658480E-1	2.289607748E-2	1.411587000E-4	5.706882477E-2	6.149065824E-2
8.960658480E-1	-8.536767215E-3	-4.381522536E-3	5.706310272E-2	5.786425344E-2
9.060660810E-1	-8.860174567E-3	-3.992155194E-3	5.705356598E-2	5.787529168E-2
9.160660810E-1	-2.562987804E-2	2.954629064E-2	4.987144470E-2	6.338008311E-2
9.260660810E-1	-2.043874189E-2	1.488086581E-2	6.184959412E-2	6.681732283E-2
9.360658810E-1	-1.031801477E-2	-2.240180969E-3	6.664752960E-2	6.747868583E-2
9.460658810E-1	-2.034418285E-4	1.661388576E-2	6.186771393E-2	6.405994548E-2
9.560658810E-1	4.582934082E-3	-7.370293140E-3	7.144546509E-2	7.197068144E-2
9.660660810E-1	2.543628216E-4	6.634652615E-3	5.469512939E-2	5.509664686E-2
9.760660810E-1	7.762834430E-3	3.879755735E-3	5.230998993E-2	5.302498609E-2
9.860660810E-1	5.538549274E-3	5.704298615E-3	6.668567657E-2	6.715797801E-2
9.960660810E-1	-4.174888134E-3	5.223780870E-3	6.669330597E-2	6.702771545E-2
1.006066081E0	-1.368862391E-2	2.797275782E-3	9.063720703E-2	9.170772309E-2
1.016066181E0	-1.333773136E-2	2.491563559E-3	7.149028778E-2	7.276650475E-2
1.026066181E0	1.025378704E-3	4.843652248E-3	7.388591766E-2	7.405161171E-2
1.036066181E0	-6.173089147E-3	1.678821445E-2	7.149219513E-2	7.369589635E-2
1.046066181E0	9.495913982E-4	-4.742279649E-3	4.994297028E-2	5.017660032E-2
1.056066181E0	-1.336077601E-2	1.677027345E-2	6.909847260E-2	7.234881700E-2
1.066066181E0	8.194610476E-3	-2.355426550E-3	6.670379639E-2	6.724653246E-2
1.076066181E0	1.306563616E-3	-7.477000356E-3	5.713462830E-2	5.763660637E-2
1.086066181E0	8.435413241E-3	9.433448315E-3	5.473709106E-2	5.618091564E-2
1.096065981E0	1.300811768E-3	4.540458322E-3	4.995059967E-2	5.017340212E-2
1.106065981E0	-1.172535121E-3	-3.202870488E-3	6.193065643E-2	6.202450664E-2
1.116065981E0	-1.563921571E-2	-1.559300721E-2	6.193828583E-2	6.575772345E-2
1.126065981E0	-1.218579710E-3	-1.263007522E-3	6.433391571E-2	6.435784983E-2
1.136066181E0	1.111708581E-3	8.394464850E-3	6.912040710E-2	6.963715685E-2
1.146066181E0	-3.616921604E-3	1.086547971E-2	4.996585846E-2	5.126136735E-2
1.156066181E0	-1.319385320E-2	2.286177874E-2	6.433105469E-2	6.953576983E-2
1.166066181E0	-3.502018750E-3	6.118595600E-3	6.193637848E-2	6.233631627E-2
1.176066181E0	1.354910433E-3	-5.880668759E-3	6.672573090E-2	6.699806871E-2
1.186065981E0	-8.180908859E-3	-5.923360586E-3	8.348655701E-2	8.409529518E-2
1.196065981E0	2.054801211E-2	3.678083420E-3	6.912136078E-2	7.220465092E-2
1.206065747E0	4.209530354E-2	-3.654256463E-3	8.588314056E-2	9.571458616E-2
1.216065747E0	-1.594040543E-2	-6.043970585E-3	7.869625092E-2	8.052158725E-2
1.226065747E0	-1.595587283E-2	-6.070166826E-3	7.869625092E-2	8.052662113E-2
1.236065747E0	-6.854698062E-3	6.194725633E-3	7.868862152E-2	7.922916551E-2
1.246065747E0	-4.475750029E-3	-8.196622133E-3	6.432342529E-2	6.499784607E-2
1.256065747E0	-2.084523439E-3	-9.896606207E-4	6.432342529E-2	6.436480177E-2
1.266065547E0	-9.261429310E-3	6.156027317E-3	7.390022278E-2	7.473227999E-2
1.276065547E0	-9.213730693E-3	-5.744889379E-3	6.671714783E-2	6.759492881E-2
1.286065547E0	4.900395870E-4	6.313115358E-3	6.192779541E-2	6.225068199E-2
1.296065547E0	1.012802869E-2	-3.361240029E-3	6.432437897E-2	6.520353234E-2
1.306065547E0	2.925835550E-3	-2.010472119E-2	6.432437897E-2	6.745654940E-2
1.316065447E0	2.196571603E-2	-1.295138896E-2	5.714035034E-2	6.257196492E-2
1.326065447E0	7.391005754E-3	1.143790781E-2	5.713176727E-2	5.873237210E-2
1.336065447E0	2.597786486E-3	2.110280097E-2	5.952453613E-2	6.320796710E-2
1.346064580E0	-1.411145926E-2	-1.970256865E-2	6.192016602E-2	6.649384523E-2
1.356064580E0	-9.317889810E-3	-1.967541873E-2	7.628536224E-2	7.933096284E-2
1.366064580E0	-2.374145389E-2	7.442697883E-3	6.908893585E-2	7.343249581E-2
1.376064580E0	-1.410925388E-2	2.660454810E-2	6.669425964E-2	7.317784702E-2
1.386064780E0	-4.600346088E-3	-2.090260386E-3	7.148170471E-2	7.166007592E-2
1.396064780E0	1.296633109E-2	-1.181553304E-2	7.148933411E-2	7.361017222E-2
1.406064780E0	5.772512406E-3	2.411156893E-4	6.430530548E-2	6.456432722E-2
1.416064780E0	-3.665231168E-3	-1.137460768E-2	7.627105713E-2	7.720161770E-2
1.426064780E0	-3.609247506E-3	-4.160776734E-3	6.429958344E-2	6.453506923E-2
1.436064580E0	-1.558242738E-2	7.834434509E-3	7.148170471E-2	7.357869607E-2
1.446064580E0	1.787195355E-2	-4.120588303E-3	6.190395355E-2	6.456380903E-2
1.456064580E0	-8.456952870E-3	1.020796597E-2	6.908798218E-2	7.034821890E-2
1.466064580E0	-1.312915236E-2	1.022391021E-2	5.472373962E-2	5.719782041E-2
1.476064580E0	-8.348286152E-3	1.749320328E-2	6.908702850E-2	7.175460647E-2
1.486064580E0	1.627549529E-3	5.217954516E-3	6.670093536E-2	6.692451528E-2
1.496064580E0	-3.165751696E-3	2.846986055E-3	6.191158295E-2	6.205780705E-2
1.506064580E0	2.323165908E-2	4.212558270E-4	6.670093536E-2	7.063216136E-2
1.516064580E0	1.566059142E-2	-6.866455078E-5	4.994773865E-2	5.234534778E-2
1.526064580E0	3.101728857E-3	6.854400039E-3	6.910228729E-2	6.951064401E-2
1.536064580E0	1.033377647E-2	-7.548436522E-3	5.713176727E-2	5.854745649E-2
1.546064580E0	5.545046180E-3	4.447489977E-3	2.600765228E-2	2.696155933E-2
1.556064580E0	7.866524160E-3	4.525080323E-3	2.600574493E-2	2.754373475E-2
1.566064780E0	-2.176001668E-3	-9.888157248E-3	2.121448517E-2	2.350670155E-2
1.576064780E0	-1.647417247E-2	-9.809300303E-3	7.388687134E-2	7.633407160E-2
1.586064780E0	2.740532160E-3	-1.941959560E-2	5.712795258E-2	6.040061403E-2
1.596064780E0	-9.246408939E-3	9.261369705E-3	4.515838623E-2	4.701647471E-2
1.606064780E0	2.672359347E-3	9.238258004E-3	7.867717743E-2	7.926276026E-2
1.616064780E0	2.725653350E-3	-7.557570934E-3	6.431293488E-2	6.481280473E-2
1.626064780E0	7.513023913E-3	-1.232114434E-2	4.994773865E-2	5.199069842E-2
1.636064980E0	9.897641838E-3	-5.183339119E-3	6.910133362E-2	6.999874732E-2
1.646065846E0	5.054231733E-3	-2.833932638E-3	5.712985992E-2	5.742296864E-2
1.656065846E0	-2.190735191E-3	6.716206670E-3	6.910133362E-2	6.946150776E-2
1.666065846E0	4.991039634E-3	-3.980994225E-4	4.755306244E-2	4.781592525E-2
1.676065846E0	-1.210337877E-2	-1.674976945E-2	6.430244446E-2	6.754147554E-2
1.686065646E0	-9.764626622E-3	2.920627594E-5	4.754257202E-2	4.853498677E-2
1.696065646E0	2.126269042E-3	-7.124304771E-3	5.951309204E-2	5.997570227E-2
1.706065646E0	-9.700272232E-3	-1.741096377E-3	6.429195404E-2	6.504292469E-2
1.716065646E0	-2.240959555E-3	1.202732325E-3	5.231189728E-2	5.237368673E-2
1.726065646E0	-6.731234491E-3	-3.221541643E-3	6.906700134E-2	6.946897525E-2
1.736065646E0	5.537521094E-3	1.633952558E-2	7.145595551E-2	7.350916823E-2
1.746065646E0	-1.658566296E-3	-7.584586740E-3	4.990863800E-2	5.050889966E-2
1.756065646E0	7.340982556E-4	-5.166009068E-3	6.666660309E-2	6.687049063E-2
1.766065646E0	1.270987466E-2	-2.809539437E-3	4.751396179E-2	4.926470330E-2
1.776065646E0	7.924176753E-3	-7.571965456E-3	4.990863800E-2	5.109793915E-2
1.786065646E0	-8.717320859E-3	-2.767711878E-3	7.145595551E-2	7.203891649E-2
1.796065646E0	1.754544675E-2	2.357897162E-2	5.469608307E-2	6.209244807E-2
1.806065646E0	1.755391061E-2	2.360694110E-2	5.469512939E-2	6.210462644E-2
1.816065646E0	-6.413221359E-3	1.343354583E-2	7.625389099E-2	7.769327804E-2
1.826065646E0	-8.763149381E-3	8.994638920E-4	7.147598267E-2	7.201678916E-2
1.836065646E0	1.279116049E-2	1.043920219E-2	7.147598267E-2	7.335807268E-2
1.846065646E0	7.992513478E-3	7.999718189E-3	6.908226013E-2	7.000167446E-2
1.856065646E0	2.455422282E-2	-9.221389890E-3	5.711841583E-2	6.285266356E-2
1.866065446E0	1.218381524E-2	4.976496100E-3	6.190681458E-2	6.329031962E-2
1.876065446E0	2.046767622E-3	-9.481415153E-3	6.190490723E-2	6.266022686E-2
1.886065646E0	3.904666752E-3	-7.102653384E-3	5.711364746E-2	5.768589805E-2
1.896065646E0	-1.341431588E-2	7.519006729E-3	5.471229553E-2	5.683233776E-2
1.906065646E0	-1.102063432E-2	-4.470512271E-3	7.386589050E-2	7.481717477E-2
1.916065646E0	5.857463926E-3	3.139440715E-2	6.429004669E-2	7.178529646E-2
1.926065646E0	-3.723565489E-3	1.705296338E-2	6.189537048E-2	6.430945022E-2
1.936065446E0	1.064173877E-3	9.244009852E-3	6.908988953E-2	6.971367885E-2
1.946065446E0	1.067154109E-3	6.811857224E-3	5.951404572E-2	5.991211776E-2
1.956065446E0	-6.153620780E-3	-5.608066916E-3	7.628059387E-2	7.673360714E-2
1.966065446E0	5.900949240E-3	8.235991001E-3	6.431961060E-2	6.511271041E-2
1.976065446E0	1.318928972E-2	-8.621856570E-3	8.586978912E-2	8.730357643E-2
1.986065446E0	-1.547529176E-2	-8.587598801E-3	7.150363922E-2	7.366140054E-2
1.996065446E0	1.330586523E-2	9.519755840E-4	5.235099792E-2	5.402387704E-2
2.006065446E0	3.783501685E-3	3.447815776E-2	6.432342529E-2	7.307914401E-2
2.016065446E0	3.513377160E-3	-6.825953722E-3	5.714988708E-2	5.766322101E-2
2.026065446E0	5.892492831E-3	-9.135931730E-3	7.151222229E-2	7.233384171E-2
2.036065446E0	7.648713887E-3	-4.408136010E-3	7.150936127E-2	7.205222575E-2
2.046065446E0	4.607811570E-4	4.037171602E-4	5.953884125E-2	5.954199295E-2
2.056065446E0	4.659779370E-4	-4.421621561E-3	8.587551117E-2	8.599053024E-2
2.066065446E0	-1.146141067E-2	3.910213709E-4	6.911659241E-2	7.006154565E-2
2.076065446E0	2.916041762E-3	-2.037793398E-3	7.390499115E-2	7.399056439E-2
2.086065446E0	2.668287605E-3	7.966682315E-3	8.586692810E-2	8.627697913E-2
2.096065446E0	1.177185401E-2	1.039917767E-2	6.431579590E-2	6.620604991E-2
2.106065446E0	-1.500016823E-2	-6.629869342E-3	7.868289948E-2	8.037386941E-2
2.116065012E0	-5.354806781E-3	-1.762598753E-3	8.107662201E-2	8.127237751E-2
2.126065012E0	2.225264907E-3	-1.549541950E-3	6.192111969E-2	6.198046424E-2
2.136065212E0	2.297453582E-3	-8.716359735E-3	8.107471466E-2	8.157427644E-2
2.146065212E0	4.534084350E-3	1.328131557E-2	6.669998169E-2	6.816039041E-2
2.156065212E0	-1.216914132E-2	1.274853945E-3	6.191253662E-2	6.311002649E-2
2.166065212E0	1.661350951E-2	8.464127779E-3	6.909656525E-2	7.156804794E-2
2.176065212E0	-2.054795623E-4	-1.071433723E-2	6.191349030E-2	6.283406341E-2
2.186065012E0	1.654144004E-2	-1.069575548E-2	5.951881409E-2	6.269376089E-2
2.196065012E0	-1.980761811E-2	-8.091881871E-3	6.430149078E-2	6.776800133E-2
2.206065012E0	1.804344356E-3	-3.269672394E-3	8.345508575E-2	8.353860039E-2
2.216065012E0	-5.925148726E-4	1.351410151E-2	8.105945587E-2	8.218039547E-2
2.226064578E0	-6.029494107E-4	-1.526091993E-2	6.908988953E-2	7.075784098E-2
2.236064578E0	-1.023423672E-2	1.342570782E-2	7.148456573E-2	7.345088406E-2
2.246064578E0	4.240158945E-3	-1.772998273E-2	8.106136322E-2	8.308595455E-2
2.256064578E0	-4.891455173E-4	2.047874033E-2	6.430530548E-2	6.748918715E-2
2.266064578E0	9.139545262E-3	1.288190484E-3	7.148838043E-2	7.208175400E-2
2.276064578E0	3.741230816E-2	-1.298666000E-2	6.669521332E-2	7.756665275E-2
2.286064578E0	-3.725029528E-3	-1.036165655E-2	7.626533508E-2	7.705609065E-2
2.296064578E0	-8.974906057E-3	-4.138648510E-4	6.189060211E-2	6.253932245E-2
2.306064578E0	1.969374716E-4	1.665568352E-2	4.272937775E-2	4.586120692E-2
2.316064578E0	-1.655390859E-2	-4.863739014E-3	7.385349274E-2	7.584211387E-2
2.326064578E0	-1.183455065E-2	-2.161014080E-2	6.188201904E-2	6.660659919E-2
2.336064578E0	-1.616478711E-2	5.891770124E-4	9.060382843E-2	9.203641235E-2
2.346064578E0	-1.611538976E-2	6.153732538E-4	6.905651093E-2	7.091464004E-2
2.356064578E0	1.088368148E-2	1.991117001E-2	6.426906586E-2	6.815733298E-2
2.366064578E0	-7.813788950E-3	5.438700318E-3	6.906223297E-2	6.971532674E-2
2.376064578E0	4.206258804E-3	-4.176154733E-3	6.666851044E-2	6.693148112E-2
2.386064778E0	1.384862885E-2	5.304053426E-3	7.864189148E-2	8.002789888E-2
2.396064778E0	1.993056387E-3	2.209827304E-2	6.427669525E-2	6.799852570E-2
2.406064778E0	-1.957072690E-2	7.814586163E-3	7.145786285E-2	7.450038437E-2
2.416065211E0	2.242147923E-3	-4.722774029E-3	5.949878693E-2	5.972802916E-2
2.426065211E0	9.357966483E-3	-1.182518899E-2	6.667900085E-2	6.836297087E-2
2.436065011E0	4.620034248E-3	9.684830904E-3	6.189155579E-2	6.281484971E-2
2.446065011E0	4.691265523E-3	7.198154926E-3	5.231571198E-2	5.301655521E-2
2.456065011E0	-2.877825871E-2	2.371653914E-3	6.668281555E-2	7.266643521E-2
2.466065011E0	-1.986451447E-3	9.251624346E-3	7.147884369E-2	7.210245237E-2
2.476065011E0	2.674898133E-2	-2.756670117E-3	4.514408112E-2	5.254612538E-2
2.486065011E0	2.669516951E-3	-2.666264772E-3	7.866001129E-2	7.875044549E-2
2.496065011E0	2.678584307E-3	1.166310906E-2	6.429576874E-2	6.539991441E-2
2.506065011E0	-1.175315678E-2	9.349063039E-3	5.711078644E-2	5.905238015E-2
2.516065011E0	-2.127318457E-2	-1.702289283E-2	8.584213257E-2	9.006219510E-2
2.526065444E0	-1.403150707E-2	-1.462012529E-2	7.387256622E-2	7.660148363E-2
2.536065444E0	-8.682597429E-3	-2.319663763E-3	6.429386139E-2	6.491894138E-2
2.546065444E0	-9.888187051E-4	5.104616284E-3	7.865715027E-2	7.882881553E-2
2.556065444E0	8.584197611E-3	5.061998963E-3	7.147502899E-2	7.216641914E-2
2.566065444E0	-3.395065665E-3	1.705285907E-2	7.147502899E-2	7.355954216E-2
2.576065444E0	-5.791939795E-3	-2.143085003E-3	5.232238770E-2	5.268559228E-2
2.586065444E0	1.581579819E-2	1.930592954E-2	8.105373383E-2	8.480899808E-2
2.596065444E0	1.451022923E-3	1.770555973E-4	7.147693634E-2	7.149188237E-2
2.606065444E0	-5.738042295E-3	4.988119006E-3	6.668758392E-2	6.711959706E-2
2.616065444E0	-9.225718677E-4	6.814911962E-3	7.148647308E-2	7.181650227E-2
2.626065444E0	-3.087826073E-3	-5.262017250E-3	7.388496399E-2	7.413643773E-2
2.636065644E0	-1.027119905E-2	6.733417511E-3	9.303760529E-2	9.384472515E-2
2.646065644E0	1.600340009E-2	2.111631632E-2	6.430721283E-2	6.955160136E-2
2.656065644E0	1.829724386E-2	6.253108382E-3	6.431484222E-2	6.715868840E-2
2.666065644E0	8.793376386E-3	1.345068216E-2	9.065151215E-2	9.206487372E-2
2.676065644E0	2.038224041E-2	5.899176002E-3	5.713653564E-2	6.094932081E-2
2.686065444E0	1.483088359E-2	-6.747126579E-3	8.347988129E-2	8.505509629E-2
2.696065444E0	9.374327958E-3	7.397875190E-3	6.432628632E-2	6.542535971E-2
2.706065444E0	6.275251508E-3	2.329111099E-3	9.784603119E-2	9.807471315E-2
2.716065444E0	1.402832568E-3	1.193472743E-2	9.066200256E-2	9.145493080E-2
2.726065444E0	-8.819915354E-3	-1.722268760E-2	4.996490479E-2	5.358081359E-2
2.736065444E0	-1.164111868E-2	-1.483011246E-2	4.996299744E-2	5.340176956E-2
2.746065444E0	-4.399556667E-3	-7.682278752E-3	9.066390991E-2	9.109510451E-2
2.756065444E0	7.694188505E-3	-5.335777998E-3	6.911849976E-2	6.974982489E-2
2.766065444E0	1.248767227E-2	6.598234177E-3	7.151317596E-2	7.289453333E-2
2.776065444E0	-1.886427402E-3	1.380343735E-2	5.475425720E-2	5.649886877E-2
2.786065444E0	1.258543134E-2	1.799970865E-3	6.912040710E-2	7.027989510E-2
2.796065444E0	-4.643559456E-3	4.240363836E-3	7.390499115E-2	7.417203682E-2
2.806065444E0	-1.667344943E-2	-1.016925275E-2	4.756927490E-2	5.142230578E-2
2.816065444E0	-4.656646401E-3	-5.419939756E-3	8.348369598E-2	8.378894675E-2
2.826065444E0	-2.206947654E-3	1.136977971E-2	6.672286987E-2	6.772063107E-2
2.836065444E0	1.448766887E-2	-7.766336203E-3	6.432819366E-2	6.639521841E-2
2.846065444E0	-4.786506295E-3	4.153206944E-3	6.672286987E-2	6.702313880E-2
2.856065444E0	-1.909831166E-2	6.510734558E-3	5.954170227E-2	6.286771415E-2
2.866065444E0	-9.464785457E-3	1.126354933E-2	7.151317596E-2	7.301084881E-2
2.876065444E0	7.241193205E-3	1.602974534E-2	5.954265594E-2	6.208635512E-2
2.886065644E0	2.273805439E-4	3.599271178E-3	7.631111145E-2	7.639628385E-2
2.896065644E0	2.563368529E-3	1.319560409E-2	8.349418640E-2	8.456934426E-2
2.906065644E0	2.888515592E-4	-3.035980463E-2	7.631969452E-2	8.213706194E-2
2.916065644E0	2.733957022E-3	-6.455257535E-3	7.153224945E-2	7.187494405E-2
2.926065644E0	-6.837811321E-3	1.313614845E-2	7.391834259E-2	7.538723653E-2
2.936065444E0	-2.593458816E-2	5.917802453E-3	6.913185120E-2	7.407318070E-2
2.946065444E0	-4.374761134E-3	1.545998454E-2	7.392024994E-2	7.564623591E-2
2.956065444E0	-8.674573153E-3	-6.377086043E-3	8.111095428E-2	8.182238294E-2
2.966065444E0	-1.034032553E-3	-1.612305641E-3	7.153797150E-2	7.156360890E-2
2.976065444E0	-3.025017679E-3	3.214165568E-3	6.675052643E-2	6.689629564E-2
2.986065444E0	6.547123194E-3	-2.542878687E-2	7.632637024E-2	8.071680629E-2
2.996065444E0	9.135309607E-3	-1.060466468E-2	8.350181580E-2	8.466679417E-2
3.006065444E0	4.460316151E-3	-5.847111344E-3	7.392597198E-2	7.429086394E-2
3.016065444E0	-1.725447923E-2	1.139986515E-2	6.673336029E-2	6.986426379E-2
3.026065444E0	-5.066841841E-4	-6.161779165E-4	6.673431396E-2	6.673908199E-2
3.036065444E0	-1.013462245E-2	6.611108780E-3	6.912708282E-2	7.017813699E-2
3.046065444E0	-2.453159541E-3	9.172514081E-3	6.194400787E-2	6.266748054E-2
3.056065444E0	7.064107805E-3	-7.632017136E-3	7.391643524E-2	7.464441509E-2
3.066065444E0	-4.585467279E-3	-1.677668095E-2	8.588027954E-2	8.762366089E-2
3.076065444E0	1.335628331E-4	2.150286734E-2	7.390975952E-2	7.697430542E-2
3.086065444E0	1.204866916E-2	-1.438809931E-2	8.588027954E-2	8.790682706E-2
3.096065444E0	4.642017186E-3	1.230268180E-2	6.432533264E-2	6.565556125E-2
3.106065444E0	9.435020387E-3	2.942830324E-4	4.996013641E-2	5.084408955E-2
3.116065444E0	7.101204246E-3	9.945496917E-3	7.150745392E-2	7.254416570E-2
3.126065444E0	-1.451126486E-2	5.238249898E-3	7.150459290E-2	7.315000256E-2
3.136065644E0	-9.855765849E-3	5.331054330E-3	6.671428680E-2	6.764874222E-2
3.146065644E0	-1.687161624E-2	7.351264358E-3	7.390499115E-2	7.616193432E-2
3.156065644E0	5.172751844E-3	-4.951357841E-3	6.194305420E-2	6.235555524E-2
3.166065644E0	5.216680467E-3	-1.457092166E-2	6.433868408E-2	6.617395094E-2
3.176065644E0	5.339857191E-3	-1.408164203E-2	6.433010101E-2	6.606942268E-2
3.186065444E0	-1.859715208E-2	-1.884368062E-2	7.630062103E-2	8.076337744E-2
3.196065444E0	-4.034634680E-3	-2.543759346E-2	7.868576050E-2	8.279370956E-2
3.206065444E0	8.026141673E-3	-1.057609916E-2	4.994678497E-2	5.168127468E-2
3.216065444E0	-1.830106601E-2	-1.684689522E-2	6.668949127E-2	7.117749041E-2
3.226065444E0	5.885981023E-3	-1.597860456E-2	6.188678741E-2	6.418672006E-2
3.236065444E0	-3.544114530E-3	3.890350461E-3	7.863521576E-2	7.881112061E-2
3.246065644E0	-1.054141670E-3	-4.908189178E-3	7.862281799E-2	7.878292356E-2
3.256065644E0	-9.779445827E-4	9.946167469E-3	4.270076752E-2	4.385473942E-2
3.266065644E0	-1.055891812E-2	9.903222322E-3	9.537410736E-2	9.646649636E-2
3.276065644E0	-3.322031349E-3	-1.647065580E-2	7.382774353E-2	7.571561338E-2
3.286065644E0	-1.972499862E-2	-4.119604826E-3	8.579349518E-2	8.812814834E-2
3.296065644E0	-4.850059748E-3	1.139700413E-3	7.860660553E-2	7.876433476E-2
3.306065644E0	1.003557444E-2	-3.345295787E-3	7.860469818E-2	7.931331751E-2
3.316065644E0	5.792677402E-4	2.768544853E-2	5.945301056E-2	6.558566974E-2
3.326065644E0	1.522079855E-2	8.099317551E-3	5.706787109E-2	5.961554801E-2
3.336065210E0	-8.857190609E-3	8.060932159E-3	6.903934479E-2	7.007039019E-2
3.348773383E0	3.048054874E-3	-1.094853878E-2	7.621860504E-2	7.706125417E-2
3.358773383E0	3.053843975E-3	5.836844444E-3	7.382392883E-2	7.411725295E-2
3.368773383E0	-6.830163300E-3	7.607936859E-4	7.382774353E-2	7.414691937E-2
3.378773383E0	-9.177774191E-3	5.572453141E-3	7.861518860E-2	7.934501655E-2
3.388773416E0	7.580630481E-3	5.659967661E-3	8.579540253E-2	8.631542323E-2
3.398773416E0	2.786375582E-3	9.349584579E-4	7.861232758E-2	7.866724911E-2
3.408773416E0	9.962022305E-3	8.094251156E-3	5.227661133E-2	5.382938679E-2
3.418773416E0	5.234349519E-3	1.524123549E-2	6.903743744E-2	7.089331028E-2
3.428773416E0	-4.330791533E-3	3.341719508E-3	5.706501007E-2	5.732659260E-2
3.438773216E0	-4.340782762E-3	-1.583647728E-2	6.664180756E-2	6.863502693E-2
3.448773216E0	2.829976380E-3	-8.635818958E-3	5.467128754E-2	5.542143824E-2
3.458773216E0	7.440619171E-3	8.087873459E-3	6.424713135E-2	6.518029148E-2
3.468773216E0	7.369730622E-3	-1.476153731E-3	5.945777893E-2	5.993095556E-2
3.478773216E0	7.438585162E-3	-1.443430781E-3	8.579349518E-2	8.612746285E-2
3.488773216E0	1.700231805E-2	1.032531261E-3	6.903362274E-2	7.110405058E-2
3.498773216E0	-9.929601103E-3	5.941182375E-3	8.099842072E-2	8.182077233E-2
3.508773216E0	-7.527567446E-3	8.405387402E-3	8.817958832E-2	8.889856357E-2
3.518773216E0	-7.537841797E-3	8.424118161E-3	8.817958832E-2	8.890120709E-2
3.528773216E0	-1.006191224E-2	1.272571087E-2	7.142734528E-2	7.324651151E-2
3.538773216E0	-3.796182573E-4	-4.887953401E-3	6.665420532E-2	6.683426730E-2
3.548773016E0	-3.322996199E-4	4.712507129E-3	6.426048279E-2	6.443390253E-2
3.558773016E0	2.062890679E-3	-2.381801605E-3	7.383537292E-2	7.390257635E-2
3.568773016E0	2.366068959E-2	2.431124449E-3	8.580589294E-2	8.904150640E-2
3.578773016E0	4.003312439E-3	-1.447647810E-4	9.298896790E-2	9.307521484E-2
3.588773016E0	-3.128968179E-3	7.126346231E-3	7.143974304E-2	7.186245291E-2
3.598773016E0	3.988083452E-3	1.421666145E-2	9.059429169E-2	9.178967240E-2
3.608773016E0	-5.906321108E-3	1.381769776E-2	6.905269623E-2	7.066886342E-2
3.618773016E0	-1.235399395E-3	1.860424876E-3	8.102226257E-2	8.105303464E-2
3.628773016E0	-6.201479584E-3	9.073704481E-3	8.580875397E-2	8.650972616E-2
3.638773649E0	2.025100961E-2	2.823884785E-2	8.341503143E-2	9.036372827E-2
3.648773649E0	1.744259894E-2	5.883723497E-3	8.342742920E-2	8.543417585E-2
3.658773649E0	2.552088350E-3	1.706188917E-2	8.583164215E-2	8.754822677E-2
3.668773649E0	-2.701312304E-3	-1.842230558E-4	7.147216797E-2	7.152343546E-2
3.678773649E0	-7.765267044E-3	-5.847960711E-4	9.302616119E-2	9.335152931E-2
3.688773815E0	-2.936027944E-3	1.134204865E-2	7.626724243E-2	7.716187268E-2
3.698773815E0	-2.979494631E-3	8.501306176E-3	7.866954803E-2	7.918363078E-2
3.708773815E0	-2.214338258E-2	-1.700192690E-3	7.628631592E-2	7.945326956E-2
3.718773815E0	2.217575908E-3	-4.462867975E-3	7.150745392E-2	7.168089564E-2
3.728773815E0	-9.811371565E-3	-6.837278605E-3	7.629489899E-2	7.722643979E-2
3.738773815E0	-5.101047456E-3	-6.805911660E-3	7.150554657E-2	7.200961261E-2
3.748773815E0	-2.124905586E-2	-9.031757712E-3	8.826541901E-2	9.123529588E-2
3.758773815E0	3.569684923E-4	-4.279673100E-3	6.671905518E-2	6.685712641E-2
3.768773815E0	-8.544549346E-3	-1.096443832E-2	7.868480682E-2	7.990323558E-2
3.778773815E0	-1.044242457E-2	3.754571080E-3	7.149887085E-2	7.235488627E-2
3.788773815E0	-5.532294512E-3	-1.063600183E-3	7.868289948E-2	7.888432162E-2
3.798773815E0	-1.475141943E-2	-1.039241254E-2	7.628631592E-2	7.839138097E-2
3.808773815E0	-5.125686526E-3	-1.036846638E-2	6.192111969E-2	6.299208538E-2
3.818773815E0	-2.356331795E-3	2.008169889E-3	7.867527008E-2	7.873616176E-2
3.828773815E0	-4.688233137E-3	9.221106768E-3	5.952167511E-2	6.041389036E-2
3.838773815E0	7.811337709E-3	-2.554669976E-3	7.628154755E-2	7.672299415E-2
3.848773815E0	-1.763701439E-3	-4.924580455E-3	7.867527008E-2	7.884897119E-2
3.858773815E0	-1.135077327E-2	7.001385093E-3	7.628154755E-2	7.743858175E-2
3.868773815E0	1.209296286E-3	-1.674035192E-2	5.712795258E-2	5.954246170E-2
3.878773815E0	1.318440959E-2	-2.350002527E-3	6.909942627E-2	7.038523907E-2
3.888774015E0	3.661908209E-3	2.507314086E-3	6.191539764E-2	6.207425119E-2
3.898774015E0	3.673516214E-3	1.690043509E-2	6.431007385E-2	6.659508260E-2
3.908774015E0	-1.076866686E-2	1.693199575E-2	7.388496399E-2	7.656137779E-2
3.918774015E0	8.327193558E-3	-2.202495933E-3	6.191349030E-2	6.250978661E-2
3.928774015E0	1.544909924E-2	-1.169735193E-2	6.669902802E-2	6.945691505E-2
3.938773815E0	5.396101624E-3	-9.148508310E-3	6.669425964E-2	6.753471246E-2
3.948773815E0	2.547930926E-3	-8.834317327E-3	6.189727783E-2	6.257643420E-2
3.958773815E0	-1.188805327E-2	-1.119452715E-2	7.386684418E-2	7.565020765E-2
3.968773815E0	-4.709407687E-3	5.585715175E-3	7.626056671E-2	7.660974331E-2
3.978773815E0	-1.187777892E-2	1.273338497E-2	4.753017426E-2	5.061954355E-2
3.988773615E0	-2.320230007E-3	1.509998739E-2	9.780979156E-2	9.899569896E-2
3.998773615E0	-9.385731071E-3	3.097057343E-3	7.626247406E-2	7.690025138E-2
4.008773615E0	4.979938269E-3	3.121063113E-3	6.908035278E-2	6.932990668E-2
4.018773615E0	2.707026899E-3	-6.486207247E-3	7.865905762E-2	7.897243965E-2
4.028773615E0	9.942471981E-3	1.754473150E-2	7.147407532E-2	7.426448542E-2
4.038773615E0	5.283113569E-3	7.367134094E-4	7.147598267E-2	7.167475241E-2
4.048773615E0	-1.913070679E-3	1.753439009E-2	7.386970520E-2	7.594634963E-2
4.058773615E0	4.869624972E-4	7.983326912E-3	8.105182648E-2	8.144549844E-2
4.068773615E0	7.519915700E-3	9.777128696E-3	8.345603943E-2	8.436262143E-2
4.078773615E0	9.807456285E-3	1.650714874E-2	6.670284271E-2	6.941139232E-2
4.088773615E0	2.316687256E-3	-3.167256713E-3	6.671142578E-2	6.682673780E-2
4.098773615E0	2.351306379E-2	1.555414498E-2	9.305286407E-2	9.722978508E-2
4.108773615E0	-1.037226617E-2	1.280716062E-2	7.869148254E-2	8.039873565E-2
4.118773615E0	3.620278090E-3	-4.586309195E-3	7.151794434E-2	7.175623323E-2
4.128773615E0	8.348964155E-3	2.615332603E-3	7.870101929E-2	7.918582957E-2
4.138773815E0	-5.946859717E-3	-4.534557462E-3	7.630538940E-2	7.667098411E-2
4.148773815E0	-1.793106645E-2	-1.169928908E-2	7.630443573E-2	7.925126763E-2
4.158773815E0	6.004299968E-3	5.102604628E-3	7.630443573E-2	7.671020209E-2
4.168773815E0	6.063282490E-3	2.673551440E-3	7.630538940E-2	7.659258270E-2
4.178773815E0	1.145530492E-3	-1.178790629E-2	8.827781677E-2	8.906873699E-2
4.188773615E0	-1.590399072E-2	-6.524160504E-3	6.671905518E-2	6.889799645E-2
4.198773615E0	-1.225911081E-3	-8.541867137E-3	7.389736176E-2	7.439950555E-2
4.208773615E0	-8.421748877E-3	5.841180682E-3	7.629013062E-2	7.697551088E-2
4.218773615E0	3.943886608E-3	1.811692119E-2	9.544181824E-2	9.722611657E-2
4.228773615E0	-5.634307861E-3	1.102142036E-2	8.107471466E-2	8.201418468E-2
4.238773615E0	-9.090490639E-4	1.105989516E-2	6.192016602E-2	6.290671356E-2
4.248773615E0	8.606385440E-3	-5.617365241E-3	8.107185364E-2	8.172068352E-2
4.258773615E0	1.537755132E-3	-1.762166619E-2	8.107280731E-2	8.298004517E-2
4.268773615E0	-2.001385763E-2	4.012495279E-3	7.388877869E-2	7.665641677E-2
4.278773615E0	-5.588982254E-3	1.348909736E-2	5.952644348E-2	6.129102662E-2
4.288773615E0	1.575604081E-3	3.885373473E-3	6.431484222E-2	6.445135829E-2
4.298773615E0	1.827903092E-2	8.693993092E-3	6.670761108E-2	6.971093073E-2
4.308773615E0	2.312652767E-2	-8.102238178E-3	8.107376099E-2	8.469614670E-2
4.318773615E0	-8.736960590E-4	-5.624815822E-3	6.670665741E-2	6.694908544E-2
4.328773615E0	1.452252269E-3	-1.283591986E-2	8.346652985E-2	8.446023609E-2
4.338773615E0	1.342030987E-2	-2.957406640E-2	5.952453613E-2	6.780782051E-2
4.348773615E0	2.256511152E-2	1.895707846E-2	8.584594727E-2	9.076387907E-2
4.358773615E0	-1.879872382E-2	4.318858683E-2	1.025972366E-1	1.128930424E-1
4.368773615E0	-2.052947879E-3	2.441212535E-3	6.907844543E-2	6.915204796E-2
4.378773615E0	3.369376063E-4	-7.156223059E-3	5.950164795E-2	5.993138714E-2
4.388773815E0	5.188670009E-3	2.450928092E-3	6.429004669E-2	6.454563849E-2
4.398773815E0	-1.163133606E-2	4.863888025E-3	8.344268799E-2	8.438973613E-2
4.408773815E0	9.839672595E-3	9.085521102E-3	7.627010345E-2	7.743703592E-2
4.418773815E0	-2.144172788E-3	1.628616452E-2	6.190395355E-2	6.404635897E-2
4.428773815E0	7.500678301E-3	-2.835661173E-3	7.866382599E-2	7.907147822E-2
4.438773615E0	-2.631356567E-2	-3.198087215E-3	7.388019562E-2	7.849149511E-2
4.448773615E0	-1.679569855E-2	8.749470115E-3	7.148551941E-2	7.395152603E-2
4.458773615E0	-1.148874685E-2	1.316733658E-2	8.107185364E-2	8.293380197E-2
4.468773615E0	1.198511571E-3	-1.843403280E-2	7.150840759E-2	7.385595678E-2
4.478773615E0	-8.380517364E-3	5.465775728E-3	1.026344299E-1	1.031209677E-1
4.488773615E0	1.200757921E-3	5.511894822E-3	8.347988129E-2	8.367026583E-2
4.498773615E0	1.184560359E-3	8.039176464E-4	6.671810150E-2	6.673345889E-2
4.508773615E0	-6.391108036E-4	-1.365275681E-2	7.390689850E-2	7.516006837E-2
4.518773615E0	2.601891756E-2	-6.092697382E-3	7.869052887E-2	8.310417779E-2
4.528773615E0	1.883145049E-2	1.310369372E-2	9.066009521E-2	9.351782280E-2
4.538773615E0	3.869898617E-3	1.174181700E-3	7.150173187E-2	7.161600714E-2
4.548773615E0	-1.445237547E-3	-1.316207647E-2	7.389259338E-2	7.506959655E-2
4.558773615E0	-6.182353944E-3	-6.061971188E-3	7.868289948E-2	7.915786546E-2
4.568773615E0	-3.783233464E-3	1.551137865E-2	7.628822327E-2	7.794105935E-2
4.578773615E0	1.291103289E-2	1.548565924E-2	7.149982452E-2	7.428812368E-2
4.588773615E0	8.108302951E-3	1.074135303E-3	6.192302704E-2	6.246086472E-2
4.598773615E0	-1.158436760E-2	8.089512587E-3	6.671142578E-2	6.819129062E-2
4.608773615E0	-1.419783756E-2	-6.625205278E-3	7.868766785E-2	8.023229404E-2
4.618773615E0	-1.187098026E-2	-9.068071842E-3	8.108234406E-2	8.244693212E-2
4.628773615E0	4.822764546E-3	5.468130112E-4	9.065818787E-2	9.078802283E-2
4.638773815E0	4.320729524E-2	-1.940101385E-3	8.347702026E-2	9.401620747E-2
4.648773815E0	1.155189797E-2	-1.129572093E-2	8.107566833E-2	8.266984731E-2
4.658773815E0	-3.191117197E-3	8.123904467E-3	6.909847260E-2	6.964754100E-2
4.668773815E0	-1.766321063E-2	8.966624737E-4	7.149219513E-2	7.364731480E-2
4.678773815E0	-1.999529824E-2	8.172467351E-3	7.867431641E-2	8.158583968E-2
4.688773615E0	-5.090881139E-3	-3.733366728E-3	8.346557617E-2	8.370398738E-2
4.698773615E0	-1.229054853E-2	1.135110855E-3	8.825111389E-2	8.911007330E-2
4.708773615E0	-2.663522959E-3	5.904465914E-3	7.388687134E-2	7.417025569E-2
4.718773615E0	9.266979992E-3	1.065507531E-2	8.106899261E-2	8.228966589E-2
4.728773615E0	-5.054395646E-3	-1.296013594E-3	9.064579010E-2	9.079584698E-2
4.738773615E0	9.363316000E-3	-1.807375252E-2	1.002235413E-1	1.022696946E-1
4.748773815E0	-2.207420766E-4	-1.087139547E-2	5.952262878E-2	6.050767971E-2
4.758774015E0	2.171251923E-3	1.250177622E-3	5.473136902E-2	5.478868527E-2
4.768774015E0	9.418040514E-3	6.132334471E-3	6.909465790E-2	7.000269111E-2
4.778774015E0	2.291731536E-3	-3.418803215E-3	8.345985413E-2	8.356127991E-2
4.788774015E0	-2.643932402E-2	-9.372383356E-4	6.909370422E-2	7.398551367E-2
4.798774015E0	-6.900832057E-3	-4.057586193E-4	8.105659485E-2	8.135083092E-2
4.808774015E0	-2.060864121E-3	2.828496695E-2	8.105754852E-2	8.587556514E-2
4.818774015E0	1.747227088E-2	8.657425642E-3	8.585739136E-2	8.804386929E-2
4.828774015E0	1.250448078E-2	-1.822382212E-2	6.910705566E-2	7.255518503E-2
4.838774015E0	1.251738146E-2	-3.957524896E-3	7.389736176E-2	7.505442636E-2
4.848774015E0	4.667632282E-3	-1.271903515E-3	4.994583130E-2	5.017958344E-2
4.858774015E0	9.514953941E-3	-1.308858395E-3	7.628250122E-2	7.688476736E-2
4.868774015E0	1.130291075E-2	-1.790066063E-2	7.867050171E-2	8.146924132E-2
4.878774015E0	-6.152093410E-4	-8.342117071E-3	7.627582550E-2	7.673311512E-2
4.888774215E0	1.395691186E-3	-7.886663079E-3	7.387161255E-2	7.430452576E-2
4.898774215E0	-1.102069393E-2	1.190966368E-2	8.582878113E-2	8.734915829E-2
4.908774215E0	-3.778778017E-3	-7.217243314E-3	9.301185608E-2	9.336794490E-2
4.918774215E0	3.322187811E-3	-2.334237099E-3	9.061527252E-2	9.070619168E-2
4.928774215E0	-1.577324793E-2	8.617341518E-5	7.864379883E-2	8.021003597E-2
4.938774015E0	-1.399505883E-3	9.689986706E-3	8.822059631E-2	8.876219957E-2
4.948774015E0	2.007416636E-2	1.449142396E-2	7.145977020E-2	7.562719273E-2
4.958774015E0	-1.823628694E-2	1.201190054E-2	8.343219757E-2	8.624256204E-2
4.968774015E0	-2.051256970E-2	-4.716679454E-3	7.864475250E-2	8.141258918E-2
4.978774015E0	1.067006215E-2	9.790062904E-5	8.582687378E-2	8.648764116E-2
4.988774015E0	-3.634795547E-3	4.849836230E-3	8.822250366E-2	8.843044047E-2
4.998774015E0	1.613311470E-3	-2.171403170E-2	7.146930695E-2	7.471254099E-2
5.008774015E0	1.130218059E-2	3.104358912E-4	5.949115753E-2	6.055603588E-2
5.018774015E0	-1.528410241E-2	-4.092708230E-3	7.863616943E-2	8.021222594E-2
5.028774015E0	-5.703818053E-3	-8.792415261E-3	8.102798462E-2	8.170296444E-2
5.038774015E0	-1.295610145E-2	1.995231211E-2	8.342266083E-2	8.674846202E-2
5.048773815E0	-5.760684609E-3	3.221139312E-3	6.187343597E-2	6.222445906E-2
5.058773615E0	-1.063011587E-2	3.315925598E-3	6.905460358E-2	6.994664396E-2
5.068773615E0	1.138738170E-2	8.257478476E-4	-1.464185715E-1	1.468630396E-1
5.078773615E0	-9.112058580E-2	2.932059765E-2	-3.164005280E-1	3.305630843E-1
5.088773615E0	7.730206102E-2	-1.594936848E-2	1.336736679E-1	1.552373682E-1
5.098773615E0	4.831261933E-2	-2.790306509E-2	9.774303436E-2	1.125450621E-1
5.108773615E0	8.169896901E-3	1.887172461E-2	2.006912231E-1	2.017420538E-1
5.118773615E0	-2.914273739E-2	2.116386592E-2	4.384040833E-3	3.628261536E-2
5.128773615E0	1.197671294E-1	4.249209166E-2	-1.703596115E-1	2.125373858E-1
5.138773815E0	-2.280892059E-2	2.151265740E-3	-5.146980286E-3	2.348118841E-2
5.148773815E0	9.579528123E-3	-8.012682199E-3	1.025829315E-1	1.033403516E-1
